{"TE": {"n_train": 286, "auc": 0.748015873015873, "accuracy": 0.696969696969697, "f1": 0.7368421052631579, "precision": 0.8235294117647058, "recall": 0.6666666666666666}, "LB": {"n_train": 641, "auc": 0.48275862068965514, "accuracy": 0.5471698113207547, "f1": 0.45454545454545453, "precision": 0.5, "recall": 0.4166666666666667}, "OL": {"n_train": 696, "auc": null, "accuracy": 1.0, "f1": 0.0, "precision": 0.0, "recall": 0.0}, "DL": {"n_train": 863, "auc": 0.7265582655826559, "accuracy": 0.6976744186046512, "f1": 0.723404255319149, "precision": 0.6938775510204082, "recall": 0.7555555555555555}, "RB": {"n_train": 448, "auc": 0.7600000000000001, "accuracy": 0.775, "f1": 0.7428571428571429, "precision": 0.8666666666666667, "recall": 0.65}, "DB": {"n_train": 1024, "auc": 0.6857394366197184, "accuracy": 0.6036036036036037, "f1": 0.6, "precision": 0.8461538461538461, "recall": 0.4647887323943662}, "QB": {"n_train": 214, "auc": 0.7202380952380952, "accuracy": 0.65, "f1": 0.46153846153846156, "precision": 0.42857142857142855, "recall": 0.5}, "WR": {"n_train": 626, "auc": 0.6384698275862069, "accuracy": 0.5901639344262295, "f1": 0.5454545454545454, "precision": 0.6521739130434783, "recall": 0.46875}}